split,image,auto_debris_ratio,debris_polygons,status
train,3_27_jpg.rf.c12d32beba5cfbebfeed27e56638786d.jpg,0.0974470969199488,17,AUTO_DEBRIS_REVIEW
train,3_65_jpg.rf.b24be5e1923dddde7baa1a3255eb680d.jpg,0.3872540407589599,8,AUTO_DEBRIS_REVIEW
train,3_26_jpg.rf.77c0086770babb10ae9962e8e6c2fd2a.jpg,0.030492830064282182,5,AUTO_DEBRIS_REVIEW
train,3_23_jpg.rf.9f94e8b1c16ff56f1765500b6c042f4a.jpg,0.39656406585540444,7,AUTO_DEBRIS_REVIEW
train,3_73_jpg.rf.f89571f6b1ed5a6ae1c9544eb91c2297.jpg,0.56071076011846,1,AUTO_DEBRIS_REVIEW
train,3_20_jpg.rf.165b45c60c449913311e863da712648e.jpg,0.413215859030837,6,AUTO_DEBRIS_REVIEW
train,3_142_jpg.rf.d3a2deafdfb34ad95ca9eccf8c765a2a.jpg,0.011594202898550725,1,AUTO_DEBRIS_REVIEW
train,3_105_jpg.rf.5a75a01e5fee55509052664285bd3401.jpg,0.672291296625222,2,AUTO_DEBRIS_REVIEW
train,3_41_jpg.rf.509c126ca7a633d6dc28526893e2ba3b.jpg,0.18455072054252614,3,AUTO_DEBRIS_REVIEW
train,3_137_jpg.rf.4915f30adc784dacf42ac12ce576a23f.jpg,0.04228641671788568,6,AUTO_DEBRIS_REVIEW
train,3_95_jpg.rf.80c5799d5f8b4699790761fae6b08a7c.jpg,0.04860171402796572,7,AUTO_DEBRIS_REVIEW
train,3_17_jpg.rf.418ae6f5639e479ded00957eea0b7242.jpg,0.4792391783910976,4,AUTO_DEBRIS_REVIEW
train,3_69_jpg.rf.975115f842497d477531cdda511a6bf0.jpg,0.2782019768840542,10,AUTO_DEBRIS_REVIEW
train,3_10_jpg.rf.9b8dce64d4b033c2f828ec317d6fd2e9.jpg,0.29856115107913667,1,AUTO_DEBRIS_REVIEW
train,3_119_jpg.rf.b3ded1876a6bf3a8d77ccd8492b06ddb.jpg,0.019469847022630535,2,AUTO_DEBRIS_REVIEW
train,3_115_jpg.rf.d62e3c369ad3577a23ab9cbfc21cd3d4.jpg,0.013873159682899207,1,AUTO_DEBRIS_REVIEW
train,3_56_jpg.rf.544e0cdc134c470062b609499d046a38.jpg,0.3530353836144337,24,AUTO_DEBRIS_REVIEW
train,3_126_jpg.rf.b8e4954728fbb1c3725644d6d4f5d39c.jpg,0.28643578643578643,2,AUTO_DEBRIS_REVIEW
train,3_84_jpg.rf.db08a39247548943d4ab987dcad2a45a.jpg,0.4172736732570239,4,AUTO_DEBRIS_REVIEW
train,3_70_jpg.rf.f45f51b93a7bc5401f530b9a6c24527b.jpg,0.3316182264868122,13,AUTO_DEBRIS_REVIEW
train,3_59_jpg.rf.40daf2941545d00b52b1c63fc279ed37.jpg,0.5698447893569845,3,AUTO_DEBRIS_REVIEW
train,3_50_jpg.rf.ad027f6fa9f1d225983e754128e4b2ae.jpg,0.07805907172995781,1,AUTO_DEBRIS_REVIEW
train,3_102_jpg.rf.2d83b1a0098852040395f3d94a5e8528.jpg,0.02560124127230411,2,AUTO_DEBRIS_REVIEW
train,3_63_jpg.rf.198c96008a2749d3d708404f57c4a1eb.jpg,0.37408536585365854,5,AUTO_DEBRIS_REVIEW
train,3_12_jpg.rf.436e99a6bdc0b02b1620b8d5795233ea.jpg,0.24782435129740518,5,AUTO_DEBRIS_REVIEW
train,3_1_jpg.rf.2a44079778cc384964f5c444a86a2b87.jpg,0.041379310344827586,2,AUTO_DEBRIS_REVIEW
train,3_19_jpg.rf.5c1c21b0a49c5095e3c86cc2b794fba8.jpg,0.22082810539523212,5,AUTO_DEBRIS_REVIEW
train,3_132_jpg.rf.e8dde4418f9d857efbeaf33003758779.jpg,0.26803566603620643,9,AUTO_DEBRIS_REVIEW
train,3_107_jpg.rf.d712392c4e3803e7779c47f9ef5ddc7d.jpg,0.5461521596141197,4,AUTO_DEBRIS_REVIEW
train,3_79_jpg.rf.f4e11ee6a679cbd690eb9e3393a6a00d.jpg,0.22929296102019664,5,AUTO_DEBRIS_REVIEW
train,3_133_jpg.rf.292ad905d2caa8abc03d101a30d2437d.jpg,0.47720971498281023,15,AUTO_DEBRIS_REVIEW
train,3_103_jpg.rf.aec10b64057f5f636120241f037320a3.jpg,0.11160714285714286,5,AUTO_DEBRIS_REVIEW
train,3_47_jpg.rf.3b0ba13f7ad716279ee745ae8eec6d55.jpg,0.08278986750875265,3,AUTO_DEBRIS_REVIEW
train,3_2_jpg.rf.81be95efff819a80c2eb713933ca06b2.jpg,0.4202768050692013,25,AUTO_DEBRIS_REVIEW
train,3_93_jpg.rf.cbb94dd5fd1805bdd3d68caddf976c64.jpg,0.39073634204275537,3,AUTO_DEBRIS_REVIEW
train,3_14_jpg.rf.4a50043bd429784d26d0885c7571d88a.jpg,0.01782178217821782,0,AUTO_DEBRIS_REVIEW
train,3_66_jpg.rf.f2c7c4a404289d937adc7f45af9dc342.jpg,0.024964276708413887,4,AUTO_DEBRIS_REVIEW
train,3_141_jpg.rf.201ae965136b2cf223a9e1310ca77465.jpg,0.10547061634018155,11,AUTO_DEBRIS_REVIEW
train,3_149_jpg.rf.df47231daae894ef8a4d5d5b86a0237f.jpg,0.049781285659946745,6,AUTO_DEBRIS_REVIEW
train,3_5_jpg.rf.7cd3fd33650bf818dcba277ee4f03df0.jpg,0.31329113924050633,1,AUTO_DEBRIS_REVIEW
train,3_144_jpg.rf.9c90f65def243002fbf697968929463f.jpg,0.04142011834319527,8,AUTO_DEBRIS_REVIEW
train,3_80_jpg.rf.e44735228d9cff6b721d1455cdc255a1.jpg,0.7884615384615384,3,AUTO_DEBRIS_REVIEW
train,3_148_jpg.rf.0efe437710e04996f63ce2a82d74e02a.jpg,0.7205245930449683,6,AUTO_DEBRIS_REVIEW
train,3_16_jpg.rf.fc8e2cb2b4edce4be909eeb99f4051a4.jpg,0.014993585631815267,4,AUTO_DEBRIS_REVIEW
train,3_136_jpg.rf.5463de56fca67ffb58ac7509ee461e7d.jpg,0.3764899301274147,18,AUTO_DEBRIS_REVIEW
train,3_35_jpg.rf.c344eefd0b5f1b54ec131b6513cc62c8.jpg,0.19772742287111053,10,AUTO_DEBRIS_REVIEW
train,3_28_jpg.rf.0f99ac34ac18e0c260cbe4f8b0595c26.jpg,0.08583743969055727,7,AUTO_DEBRIS_REVIEW
train,3_145_jpg.rf.335eee665c975c62404c74de847309aa.jpg,0.9971387696709585,1,AUTO_DEBRIS_REVIEW
train,3_30_jpg.rf.109462c98a8a711ec8a09d1c821a0fd9.jpg,0.06456580424316076,6,AUTO_DEBRIS_REVIEW
train,3_9_jpg.rf.9b44a8dd77102cd0aa8c7e6aee90e3c8.jpg,0.4243279052870026,6,AUTO_DEBRIS_REVIEW
train,3_51_jpg.rf.5453b727c61320bc3181706947c2d673.jpg,0.3086820899402132,4,AUTO_DEBRIS_REVIEW
train,3_46_jpg.rf.5292fa5db08585a51d26b787e2261cef.jpg,0.2730006190490228,5,AUTO_DEBRIS_REVIEW
train,3_6_jpg.rf.d6792510964f81e2a08c6a220614b5a0.jpg,0.33480825958702065,2,AUTO_DEBRIS_REVIEW
train,3_111_jpg.rf.57948fd043a65bf6b0b3456aa74291f1.jpg,0.4479980762294096,6,AUTO_DEBRIS_REVIEW
train,3_71_jpg.rf.5105ba9bfde6608fade64d62e7be238f.jpg,0.29945596097927024,12,AUTO_DEBRIS_REVIEW
train,3_130_jpg.rf.6abaa958c8a1779afe0160fe21aaac6e.jpg,0.20810536980749747,15,AUTO_DEBRIS_REVIEW
train,3_67_jpg.rf.8d9ebfa3c4d4964aa78146d0e9776140.jpg,0.4140994064682844,31,AUTO_DEBRIS_REVIEW
train,3_87_jpg.rf.a6c1efe186fb85e756301a4ddcf5c0f3.jpg,0.6220454283408279,6,AUTO_DEBRIS_REVIEW
train,3_92_jpg.rf.a26f3efec0527dde05a513d3593ba40d.jpg,0.4952681388012618,1,AUTO_DEBRIS_REVIEW
train,3_60_jpg.rf.dad4e05b111baeff98a34a7cf2eaea54.jpg,0.22268907563025211,1,AUTO_DEBRIS_REVIEW
train,3_131_jpg.rf.bd6b87488b1dd064ad365b46c5796e2b.jpg,0.2417440183425169,15,AUTO_DEBRIS_REVIEW
train,3_114_jpg.rf.fbc90bbe2d4d4e1d1a9359f77af6f61e.jpg,0.47357224676812304,9,AUTO_DEBRIS_REVIEW
train,3_33_jpg.rf.4109b5c79d2d86605b8282ebffc0f38b.jpg,0.19637341035824607,8,AUTO_DEBRIS_REVIEW
train,3_7_jpg.rf.e70d3949f6a4fc55bf57c6a6d685b14e.jpg,0.32159033719174634,5,AUTO_DEBRIS_REVIEW
train,3_91_jpg.rf.8390c46d396ae51abef4d1168856c08d.jpg,0.3755043227665706,11,AUTO_DEBRIS_REVIEW
train,3_140_jpg.rf.d0004305e36690a89542f961734a59cb.jpg,0.021217712177121772,1,AUTO_DEBRIS_REVIEW
train,3_120_jpg.rf.cbed52454835e5ddcc7d9c2abef93ff8.jpg,0.028534962166104478,7,AUTO_DEBRIS_REVIEW
train,3_86_jpg.rf.c0b8a1a15ed9ba3145068a5cb75a13c1.jpg,0.5337880710659898,17,AUTO_DEBRIS_REVIEW
train,3_81_jpg.rf.905b78c8c5d346b6eb98a262cdc3ced5.jpg,0.40245408242012654,26,AUTO_DEBRIS_REVIEW
train,3_55_jpg.rf.3547aaff85938f209e2b80ebc34682fa.jpg,0.03829787234042553,0,AUTO_DEBRIS_REVIEW
train,3_83_jpg.rf.0cb4a2d337696136a6d69a8c1cf06af7.jpg,0.2931111111111111,20,AUTO_DEBRIS_REVIEW
train,3_31_jpg.rf.92b332c927909998c0e4064924cdb00d.jpg,0.8051263457354828,3,AUTO_DEBRIS_REVIEW
train,3_129_jpg.rf.915db9e2627bbc9e71232b39ccf2a90e.jpg,0.342793639938451,8,AUTO_DEBRIS_REVIEW
train,3_143_jpg.rf.35571f640904d37c5d15cf5039ade20e.jpg,0.983633387888707,1,AUTO_DEBRIS_REVIEW
train,3_127_jpg.rf.e78239d0497db7c3a5aaae060702f5e8.jpg,0.14994487320837926,2,AUTO_DEBRIS_REVIEW
train,3_49_jpg.rf.71bd43d183df2c637260639487449fc9.jpg,0.039066666666666666,4,AUTO_DEBRIS_REVIEW
train,3_134_jpg.rf.6dbf571e06a3290542b04dff2f534983.jpg,0.2690043417470013,32,AUTO_DEBRIS_REVIEW
train,3_76_jpg.rf.4593e67442d2a40bc7cf174b79fd43a5.jpg,0.31773773339122885,8,AUTO_DEBRIS_REVIEW
train,3_122_jpg.rf.c5d58759ca5c91f5264412b0fce1b7d2.jpg,0.25778388278388276,4,AUTO_DEBRIS_REVIEW
train,3_117_jpg.rf.23ff7e742727be12244bf7d26a96bae2.jpg,0.13469752657196782,1,AUTO_DEBRIS_REVIEW
train,3_62_jpg.rf.124f8e929a4aeb9347ad268f39d9f19a.jpg,0.028857342331859437,1,AUTO_DEBRIS_REVIEW
train,3_109_jpg.rf.eb73c6f75b1224b6ac569339a9e1fb44.jpg,0.5969637610186092,3,AUTO_DEBRIS_REVIEW
train,3_57_jpg.rf.8d886352ba51c2355e4b5cd854e99f89.jpg,0.163575042158516,5,AUTO_DEBRIS_REVIEW
train,3_128_jpg.rf.0ea715079327897d2c69fd22e9cdc24a.jpg,0.2196372239747634,17,AUTO_DEBRIS_REVIEW
train,3_15_jpg.rf.553e6ca0a5c2b3d0f78a02878abfd722.jpg,0.35117257967528565,2,AUTO_DEBRIS_REVIEW
train,3_96_jpg.rf.73f9c71d2e9084678c93d67998f17909.jpg,0.04870804870804871,7,AUTO_DEBRIS_REVIEW
train,3_146_jpg.rf.67c1a0f9bee726081b30a8211d22c1c5.jpg,0.02315886984715146,1,AUTO_DEBRIS_REVIEW
train,3_36_jpg.rf.9b1ea43e38ead8ef75e9e3980610081b.jpg,0.15372537824721666,3,AUTO_DEBRIS_REVIEW
train,3_100_jpg.rf.538b2d8db7013af1de9c9aa72d48db75.jpg,0.33701050620821393,12,AUTO_DEBRIS_REVIEW
train,3_8_jpg.rf.5838b7bc50b83dcda102b7a54b0b900a.jpg,0.3468062704726252,12,AUTO_DEBRIS_REVIEW
train,3_44_jpg.rf.3603f7a3a801caec5982829e5a79e115.jpg,0.21058950654340258,6,AUTO_DEBRIS_REVIEW
train,3_24_png.rf.94e16ca9e023069facc9966c4b34ed50.jpg,0.473090526718287,28,AUTO_DEBRIS_REVIEW
train,3_139_jpg.rf.63358ed5bdea92390e8e96007af13db7.jpg,0.0571455558704071,4,AUTO_DEBRIS_REVIEW
train,3_89_jpg.rf.0fd9d4e6f0fc4b0e98406da21b66bc1e.jpg,0.04706215890566305,5,AUTO_DEBRIS_REVIEW
train,3_40_jpg.rf.120bf2a9ede9d899adb19f24ec76e37e.jpg,0.2310002144848788,9,AUTO_DEBRIS_REVIEW
train,3_32_jpg.rf.8bef1e38f5ff74882d47d00ab2d514c7.jpg,0.31097460648275105,7,AUTO_DEBRIS_REVIEW
train,3_72_jpg.rf.77a4db04fa705b193cafa4474333e206.jpg,0.7979684875629849,1,AUTO_DEBRIS_REVIEW
train,3_97_jpg.rf.15fcfce51adca48015933fbc5ded6cbb.jpg,0.39321819713563605,8,AUTO_DEBRIS_REVIEW
train,3_43_jpg.rf.afa3a5d49cf81d7a86a8f9e7fd1832df.jpg,0.2429134112481436,19,AUTO_DEBRIS_REVIEW
train,3_11_jpg.rf.e7f1e3eacfcfb6578f771ca1bd119390.jpg,0.40334378265412746,2,AUTO_DEBRIS_REVIEW
train,3_18_jpg.rf.bb1a6618dd84c304f853d82ce65f5c12.jpg,0.0,0,AUTO_DEBRIS_REVIEW
train,3_34_jpg.rf.210ad220f10748e8a5b3f8a07d168e75.jpg,0.3989230949315229,8,AUTO_DEBRIS_REVIEW
train,3_25_png.rf.85561b37f747c29f0f07f877ae1e5573.jpg,0.6049395691014188,19,AUTO_DEBRIS_REVIEW
train,3_99_jpg.rf.675a3282031552ee7f19d9eb712b8e84.jpg,0.030303030303030304,2,AUTO_DEBRIS_REVIEW
train,3_85_jpg.rf.23c5f2b15c19bb1ec5bd0347d3f1320a.jpg,0.02105459288242966,1,AUTO_DEBRIS_REVIEW
train,3_150_jpg.rf.56ea14eb823617ef0309fe8de27d2144.jpg,0.014499706807399116,3,AUTO_DEBRIS_REVIEW
train,3_118_jpg.rf.4d54ffd556bef9e51e9ec2a430ab357a.jpg,0.8599871547848427,1,AUTO_DEBRIS_REVIEW
train,3_52_jpg.rf.3114e280b2bd0e86d012d32d5e3e48d3.jpg,0.1968503937007874,1,AUTO_DEBRIS_REVIEW
train,3_116_jpg.rf.75d73054ec2f2ffc364ab7a187caf648.jpg,0.4788260586970651,6,AUTO_DEBRIS_REVIEW
train,3_3_jpg.rf.790d08dfdfc8071beccbe1d6530881af.jpg,0.4733294950384394,18,AUTO_DEBRIS_REVIEW
train,3_112_jpg.rf.5221e2591bdd92b8a82051aba234e3e2.jpg,0.15249592652940305,3,AUTO_DEBRIS_REVIEW
train,3_104_jpg.rf.3d07d02ad51f74251beb91c6dc6f3d73.jpg,0.012690202682384074,2,AUTO_DEBRIS_REVIEW
train,3_4_jpg.rf.4f67af1b20d7f19dd52af18e35158e74.jpg,0.27586206896551724,1,AUTO_DEBRIS_REVIEW
train,3_123_jpg.rf.5a7c9f12410b38e1210d22dccf5d6c59.jpg,0.34953703703703703,2,AUTO_DEBRIS_REVIEW
train,3_121_jpg.rf.78d803bf0653194ed3b7269169be5cea.jpg,0.02694838056680162,3,AUTO_DEBRIS_REVIEW
train,3_82_jpg.rf.415ac8131b3a57d5d052fff1ad07c3fa.jpg,0.03358250585741381,6,AUTO_DEBRIS_REVIEW
train,3_101_jpg.rf.d87ce53655fef1c8373c82cf62a70388.jpg,0.1999101527403414,8,AUTO_DEBRIS_REVIEW
train,3_58_jpg.rf.ebf050692cd34f440798073e1a1e9551.jpg,0.382031905961377,1,AUTO_DEBRIS_REVIEW
train,3_48_jpg.rf.ceaefd2894742fa494cda5af089254b3.jpg,0.8210862619808307,1,AUTO_DEBRIS_REVIEW
train,3_61_jpg.rf.64c61af8226a3b007c52f314b60da2db.jpg,0.3122284295468653,2,AUTO_DEBRIS_REVIEW
valid,3_110_jpg.rf.9f837538b87c70d297e957ecae5f4a1a.jpg,0.041016333938294014,2,AUTO_DEBRIS_REVIEW
valid,3_78_jpg.rf.e70ba30b25b11df7bd5cccd6790d2592.jpg,0.4161196875802134,23,AUTO_DEBRIS_REVIEW
valid,3_68_jpg.rf.8939b4bdd3b00622cd995c96d971a9be.jpg,0.08799192734611504,3,AUTO_DEBRIS_REVIEW
valid,3_13_jpg.rf.1f70a921dfed4bcdb6fef237b91ba425.jpg,0.020697362539114885,4,AUTO_DEBRIS_REVIEW
valid,3_64_jpg.rf.f8557b24229b50ef3b3f0a9870c262e7.jpg,0.0162198863350601,4,AUTO_DEBRIS_REVIEW
valid,3_29_jpg.rf.636eb3abd9428aeb54fc80e1e2a817d9.jpg,0.7353373858495018,1,AUTO_DEBRIS_REVIEW
valid,3_54_jpg.rf.78e62e432cfe3e806e9e04a144882432.jpg,0.6012658227848101,3,AUTO_DEBRIS_REVIEW
valid,3_74_jpg.rf.d8a76c5a8aaac696365e48d9e467f1f9.jpg,0.21595068387593913,4,AUTO_DEBRIS_REVIEW
valid,3_21_jpg.rf.50096561445eba6defb8db44c9f01961.jpg,0.5100848709755008,17,AUTO_DEBRIS_REVIEW
valid,3_147_jpg.rf.693a97be17f9a72a23918647caadcf74.jpg,0.025820568927789934,2,AUTO_DEBRIS_REVIEW
valid,3_125_jpg.rf.aeaba6564664aad9dfbceb6917bf6fab.jpg,0.27981866499921837,10,AUTO_DEBRIS_REVIEW
valid,3_75_jpg.rf.625b9bfa3f58cc913d264e96ba32dbbb.jpg,0.35386716133353946,6,AUTO_DEBRIS_REVIEW
valid,3_106_jpg.rf.9335ae4f8692763a9558d83b2c361f32.jpg,0.4512838147638698,6,AUTO_DEBRIS_REVIEW
valid,3_45_jpg.rf.cc3aa2649b790bb5fc2eaed33c08a179.jpg,0.40217312039670383,15,AUTO_DEBRIS_REVIEW
valid,3_124_jpg.rf.ddd747e78cf45f836e52e4fcfa1b7eee.jpg,0.5078510542844324,4,AUTO_DEBRIS_REVIEW
valid,3_39_jpg.rf.5741c78486e1df115d50092b3047baa7.jpg,0.3250537377597325,7,AUTO_DEBRIS_REVIEW
valid,3_42_jpg.rf.955a788c78ade646977e920df01a4091.jpg,0.16484534172995,2,AUTO_DEBRIS_REVIEW
valid,3_98_jpg.rf.368ba59c9837c35ad99ab6ebdcb33d20.jpg,0.4419615145872129,6,AUTO_DEBRIS_REVIEW
valid,3_53_jpg.rf.8b6ad639eeddf8f7f3ec5d98b3fcf1cc.jpg,0.28832666972537196,7,AUTO_DEBRIS_REVIEW
valid,3_113_jpg.rf.119a76c6e7ebdbf84b62cf630126ea04.jpg,0.37716030218358687,16,AUTO_DEBRIS_REVIEW
valid,3_90_jpg.rf.8f1fdf25747c09ce8e0d8bbf9a45a809.jpg,0.04664338889254892,9,AUTO_DEBRIS_REVIEW
valid,3_22_png.rf.5cfea16df547e3ee9b80aef8bc874617.jpg,0.015859436693866805,5,AUTO_DEBRIS_REVIEW
valid,3_37_jpg.rf.36d242e9ba5c1122dbce54c0e2070e97.jpg,0.2726048275617623,3,AUTO_DEBRIS_REVIEW
valid,3_108_jpg.rf.e0736838ed414ed4262c9e45b8bb45a0.jpg,0.4760351673284175,6,AUTO_DEBRIS_REVIEW
valid,3_135_jpg.rf.b94ec10af61192be9205c786d127288e.jpg,0.37683546040894744,19,AUTO_DEBRIS_REVIEW
valid,3_38_jpg.rf.d06721660058f31bb74b469891ae045c.jpg,0.23833466184315408,7,AUTO_DEBRIS_REVIEW
valid,3_138_jpg.rf.2fab054f0890f59e16eabd9a93424011.jpg,0.013832384052074858,6,AUTO_DEBRIS_REVIEW
valid,3_88_jpg.rf.49bbf7ca727d3281443fc194f6c602a8.jpg,0.736318407960199,2,AUTO_DEBRIS_REVIEW
valid,3_77_jpg.rf.13a341acba1b745cf30d98d59b55d4ec.jpg,0.3404465087746204,8,AUTO_DEBRIS_REVIEW
valid,3_94_jpg.rf.d1afe92ddfd8d0d27ea1f4da7617889e.jpg,0.029804214989400175,2,AUTO_DEBRIS_REVIEW
